Game ID,Date,Home Team,Away Team,Stadium Name,Attendance,Game Time (minutes)
630851,2020-07-23,Washington Nationals,New York Yankees,Nationals Park,,
631377,2020-07-23,Los Angeles Dodgers,San Francisco Giants,Dodger Stadium,,
631242,2020-07-24,New York Mets,Atlanta Braves,Citi Field,,
631589,2020-07-24,Cincinnati Reds,Detroit Tigers,Great American Ball Park,,
630966,2020-07-24,Tampa Bay Rays,Toronto Blue Jays,Tropicana Field,,
631121,2020-07-24,Philadelphia Phillies,Miami Marlins,Citizens Bank Park,,
631563,2020-07-24,Cleveland Indians,Kansas City Royals,Progressive Field,,
631641,2020-07-24,Chicago Cubs,Milwaukee Brewers,Wrigley Field,,
631664,2020-07-24,Boston Red Sox,Baltimore Orioles,Fenway Park,,
630941,2020-07-24,Texas Rangers,Colorado Rockies,Globe Life Field,,
631514,2020-07-24,Chicago White Sox,Minnesota Twins,Guaranteed Rate Field,,
630989,2020-07-24,St. Louis Cardinals,Pittsburgh Pirates,Busch Stadium,,
631091,2020-07-24,San Diego Padres,Arizona Diamondbacks,Petco Park,,
631438,2020-07-24,Houston Astros,Seattle Mariners,Minute Maid Park,,
631378,2020-07-24,Los Angeles Dodgers,San Francisco Giants,Dodger Stadium,,
631182,2020-07-24,Oakland Athletics,Los Angeles Angels,Oakland Coliseum,,
631642,2020-07-25,Chicago Cubs,Milwaukee Brewers,Wrigley Field,,
631666,2020-07-25,Boston Red Sox,Baltimore Orioles,Fenway Park,,
631515,2020-07-25,Chicago White Sox,Minnesota Twins,Guaranteed Rate Field,,
630992,2020-07-25,St. Louis Cardinals,Pittsburgh Pirates,Busch Stadium,,
630967,2020-07-25,Tampa Bay Rays,Toronto Blue Jays,Tropicana Field,,
630942,2020-07-25,Texas Rangers,Colorado Rockies,Globe Life Field,,
631108,2020-07-25,Philadelphia Phillies,Miami Marlins,Citizens Bank Park,,
631181,2020-07-25,Oakland Athletics,Los Angeles Angels,Oakland Coliseum,,
631453,2020-07-25,Houston Astros,Seattle Mariners,Minute Maid Park,,
631382,2020-07-25,Los Angeles Dodgers,San Francisco Giants,Dodger Stadium,,
631241,2020-07-25,New York Mets,Atlanta Braves,Citi Field,,
631603,2020-07-25,Cincinnati Reds,Detroit Tigers,Great American Ball Park,,
631565,2020-07-25,Cleveland Indians,Kansas City Royals,Progressive Field,,
630899,2020-07-25,Washington Nationals,New York Yankees,Nationals Park,,
631092,2020-07-25,San Diego Padres,Arizona Diamondbacks,Petco Park,,
631126,2020-07-26,Philadelphia Phillies,Miami Marlins,Citizens Bank Park,,
630856,2020-07-26,Washington Nationals,New York Yankees,Nationals Park,,
631591,2020-07-26,Cincinnati Reds,Detroit Tigers,Great American Ball Park,,
631566,2020-07-26,Cleveland Indians,Kansas City Royals,Progressive Field,,
630968,2020-07-26,Tampa Bay Rays,Toronto Blue Jays,Tropicana Field,,
631668,2020-07-26,Boston Red Sox,Baltimore Orioles,Fenway Park,,
631441,2020-07-26,Houston Astros,Seattle Mariners,Minute Maid Park,,
631517,2020-07-26,Chicago White Sox,Minnesota Twins,Guaranteed Rate Field,,
630993,2020-07-26,St. Louis Cardinals,Pittsburgh Pirates,Busch Stadium,,
631643,2020-07-26,Chicago Cubs,Milwaukee Brewers,Wrigley Field,,
630943,2020-07-26,Texas Rangers,Colorado Rockies,Globe Life Field,,
631165,2020-07-26,Oakland Athletics,Los Angeles Angels,Oakland Coliseum,,
631097,2020-07-26,San Diego Padres,Arizona Diamondbacks,Petco Park,,
631240,2020-07-26,New York Mets,Atlanta Braves,Citi Field,,
631384,2020-07-26,Los Angeles Dodgers,San Francisco Giants,Dodger Stadium,,
631168,2020-07-27,Oakland Athletics,Los Angeles Angels,Oakland Coliseum,,
631098,2020-07-27,San Diego Padres,Arizona Diamondbacks,Petco Park,,
630861,2020-07-27,Washington Nationals,Toronto Blue Jays,Nationals Park,,
631592,2020-07-27,Cincinnati Reds,Chicago Cubs,Great American Ball Park,,
630969,2020-07-27,Tampa Bay Rays,Atlanta Braves,Tropicana Field,,
631130,2020-07-27,Pittsburgh Pirates,Milwaukee Brewers,PNC Park,,
631489,2020-07-27,Detroit Tigers,Kansas City Royals,Comerica Park,,
631442,2020-07-27,Houston Astros,Seattle Mariners,Minute Maid Park,,
631669,2020-07-27,Boston Red Sox,New York Mets,Fenway Park,,
631127,2020-07-27,Philadelphia Phillies,New York Yankees,Citizens Bank Park,,
631567,2020-07-27,Cleveland Indians,Chicago White Sox,Progressive Field,,
631339,2020-07-27,Miami Marlins,Baltimore Orioles,Marlins Park,,
631573,2020-07-28,Cleveland Indians,Chicago White Sox,Progressive Field,,
631567,2020-07-28,Cleveland Indians,Chicago White Sox,Progressive Field,,
630866,2020-07-28,Washington Nationals,Toronto Blue Jays,Nationals Park,,
631593,2020-07-28,Cincinnati Reds,Chicago Cubs,Great American Ball Park,,
630970,2020-07-28,Tampa Bay Rays,Atlanta Braves,Tropicana Field,,
631132,2020-07-28,Pittsburgh Pirates,Milwaukee Brewers,PNC Park,,
631490,2020-07-28,Detroit Tigers,Kansas City Royals,Comerica Park,,
631663,2020-07-28,Boston Red Sox,New York Mets,Fenway Park,,
631269,2020-07-28,Minnesota Twins,St. Louis Cardinals,Target Field,,
630944,2020-07-28,Texas Rangers,Arizona Diamondbacks,Globe Life Field,,
631443,2020-07-28,Houston Astros,Los Angeles Dodgers,Minute Maid Park,,
631171,2020-07-28,Oakland Athletics,Colorado Rockies,Oakland Coliseum,,
631387,2020-07-28,Los Angeles Angels,Seattle Mariners,Angel Stadium,,
631014,2020-07-28,San Francisco Giants,San Diego Padres,Oracle Park,,
631129,2020-07-28,Philadelphia Phillies,New York Yankees,Citizens Bank Park,,
631340,2020-07-28,Miami Marlins,Baltimore Orioles,Marlins Park,,
631172,2020-07-29,Oakland Athletics,Colorado Rockies,Oakland Coliseum,,
630940,2020-07-29,Texas Rangers,Arizona Diamondbacks,Globe Life Field,,
630916,2020-07-29,Toronto Blue Jays,Washington Nationals,Nationals Park,,
631569,2020-07-29,Cleveland Indians,Chicago White Sox,Progressive Field,,
631594,2020-07-29,Cincinnati Reds,Chicago Cubs,Great American Ball Park,,
631137,2020-07-29,Pittsburgh Pirates,Milwaukee Brewers,PNC Park,,
631492,2020-07-29,Detroit Tigers,Kansas City Royals,Comerica Park,,
631444,2020-07-29,Houston Astros,Los Angeles Dodgers,Minute Maid Park,,
631239,2020-07-29,New York Mets,Boston Red Sox,Citi Field,,
630272,2020-07-29,Atlanta Braves,Tampa Bay Rays,Truist Park,,
630495,2020-07-29,Baltimore Orioles,New York Yankees,Oriole Park at Camden Yards,,
631270,2020-07-29,Minnesota Twins,St. Louis Cardinals,Target Field,,
631033,2020-07-29,San Francisco Giants,San Diego Padres,Oracle Park,,
631389,2020-07-29,Los Angeles Angels,Seattle Mariners,Angel Stadium,,
631219,2020-07-29,New York Yankees,Philadelphia Phillies,Yankee Stadium,,
630575,2020-07-29,Baltimore Orioles,Miami Marlins,Oriole Park at Camden Yards,,
630917,2020-07-30,Toronto Blue Jays,Washington Nationals,Nationals Park,,
630496,2020-07-30,Baltimore Orioles,New York Yankees,Oriole Park at Camden Yards,,
631238,2020-07-30,New York Mets,Boston Red Sox,Citi Field,,
631271,2020-07-30,Minnesota Twins,Cleveland Indians,Target Field,,
631494,2020-07-30,Detroit Tigers,Kansas City Royals,Comerica Park,,
630346,2020-07-30,Atlanta Braves,Tampa Bay Rays,Truist Park,,
630145,2020-07-30,Arizona Diamondbacks,Los Angeles Dodgers,Chase Field,,
631390,2020-07-30,Los Angeles Angels,Seattle Mariners,Angel Stadium,,
631018,2020-07-30,San Francisco Giants,San Diego Padres,Oracle Park,,
631595,2020-07-30,Cincinnati Reds,Chicago Cubs,Great American Ball Park,,
631220,2020-07-30,New York Yankees,Philadelphia Phillies,Yankee Stadium,,
630591,2020-07-30,Baltimore Orioles,Miami Marlins,Oriole Park at Camden Yards,,
631222,2020-07-31,New York Yankees,Boston Red Sox,Yankee Stadium,,
631480,2020-07-31,Detroit Tigers,Cincinnati Reds,Comerica Park,,
630275,2020-07-31,Atlanta Braves,New York Mets,Truist Park,,
630592,2020-07-31,Baltimore Orioles,Tampa Bay Rays,Oriole Park at Camden Yards,,
631410,2020-07-31,Kansas City Royals,Chicago White Sox,Kauffman Stadium,,
631539,2020-07-31,Colorado Rockies,San Diego Padres,Coors Field,,
631272,2020-07-31,Minnesota Twins,Cleveland Indians,Target Field,,
631647,2020-07-31,Chicago Cubs,Pittsburgh Pirates,Wrigley Field,,
631391,2020-07-31,Los Angeles Angels,Houston Astros,Angel Stadium,,
631019,2020-07-31,San Francisco Giants,Texas Rangers,Oracle Park,,
630201,2020-07-31,Arizona Diamondbacks,Los Angeles Dodgers,Chase Field,,
631066,2020-07-31,Seattle Mariners,Oakland Athletics,T-Mobile Park,,
631289,2020-07-31,Milwaukee Brewers,St. Louis Cardinals,Miller Park,,
631341,2020-07-31,Miami Marlins,Washington Nationals,Marlins Park,,
631413,2020-08-01,Kansas City Royals,Chicago White Sox,Kauffman Stadium,,
631392,2020-08-01,Los Angeles Angels,Houston Astros,Angel Stadium,,
631224,2020-08-01,New York Yankees,Boston Red Sox,Yankee Stadium,,
631273,2020-08-01,Minnesota Twins,Cleveland Indians,Target Field,,
630278,2020-08-01,Atlanta Braves,New York Mets,Truist Park,,
630492,2020-08-01,Baltimore Orioles,Tampa Bay Rays,Oriole Park at Camden Yards,,
630100,2020-08-01,Arizona Diamondbacks,Los Angeles Dodgers,Chase Field,,
631540,2020-08-01,Colorado Rockies,San Diego Padres,Coors Field,,
631622,2020-08-01,Chicago Cubs,Pittsburgh Pirates,Wrigley Field,,
631067,2020-08-01,Seattle Mariners,Oakland Athletics,T-Mobile Park,,
631020,2020-08-01,San Francisco Giants,Texas Rangers,Oracle Park,,
631469,2020-08-01,Detroit Tigers,Cincinnati Reds,Comerica Park,,
630919,2020-08-01,Toronto Blue Jays,Philadelphia Phillies,Citizens Bank Park,,
630918,2020-08-01,Toronto Blue Jays,Philadelphia Phillies,Citizens Bank Park,,
631342,2020-08-01,Miami Marlins,Washington Nationals,Marlins Park,,
631288,2020-08-01,Milwaukee Brewers,St. Louis Cardinals,Miller Park,,
631470,2020-08-02,Detroit Tigers,Cincinnati Reds,Comerica Park,,
631469,2020-08-02,Detroit Tigers,Cincinnati Reds,Comerica Park,,
630493,2020-08-02,Baltimore Orioles,Tampa Bay Rays,Oriole Park at Camden Yards,,
630280,2020-08-02,Atlanta Braves,New York Mets,Truist Park,,
631415,2020-08-02,Kansas City Royals,Chicago White Sox,Kauffman Stadium,,
631274,2020-08-02,Minnesota Twins,Cleveland Indians,Target Field,,
631606,2020-08-02,Chicago Cubs,Pittsburgh Pirates,Wrigley Field,,
631541,2020-08-02,Colorado Rockies,San Diego Padres,Coors Field,,
631021,2020-08-02,San Francisco Giants,Texas Rangers,Oracle Park,,
631393,2020-08-02,Los Angeles Angels,Houston Astros,Angel Stadium,,
630101,2020-08-02,Arizona Diamondbacks,Los Angeles Dodgers,Chase Field,,
631068,2020-08-02,Seattle Mariners,Oakland Athletics,T-Mobile Park,,
631210,2020-08-02,New York Yankees,Boston Red Sox,Yankee Stadium,,
631329,2020-08-02,Miami Marlins,Washington Nationals,Marlins Park,,
631292,2020-08-02,Milwaukee Brewers,St. Louis Cardinals,Miller Park,,
631289,2020-08-02,Milwaukee Brewers,St. Louis Cardinals,Miller Park,,
630907,2020-08-02,Toronto Blue Jays,Philadelphia Phillies,Citizens Bank Park,,
631596,2020-08-03,Cincinnati Reds,Cleveland Indians,Great American Ball Park,,
631219,2020-08-03,New York Yankees,Philadelphia Phillies,Yankee Stadium,,
630281,2020-08-03,Atlanta Braves,New York Mets,Truist Park,,
631275,2020-08-03,Minnesota Twins,Pittsburgh Pirates,Target Field,,
631293,2020-08-03,Milwaukee Brewers,Chicago White Sox,Miller Park,,
631645,2020-08-03,Chicago Cubs,Kansas City Royals,Wrigley Field,,
631542,2020-08-03,Colorado Rockies,San Francisco Giants,Coors Field,,
631090,2020-08-03,San Diego Padres,Los Angeles Dodgers,Petco Park,,
631070,2020-08-03,Seattle Mariners,Oakland Athletics,T-Mobile Park,,
631276,2020-08-04,Minnesota Twins,Pittsburgh Pirates,Target Field,,
631597,2020-08-04,Cincinnati Reds,Cleveland Indians,Great American Ball Park,,
630971,2020-08-04,Tampa Bay Rays,Boston Red Sox,Tropicana Field,,
630874,2020-08-04,Washington Nationals,New York Mets,Nationals Park,,
630284,2020-08-04,Atlanta Braves,Toronto Blue Jays,Truist Park,,
630575,2020-08-04,Baltimore Orioles,Miami Marlins,Oriole Park at Camden Yards,,
631294,2020-08-04,Milwaukee Brewers,Chicago White Sox,Miller Park,,
631608,2020-08-04,Chicago Cubs,Kansas City Royals,Wrigley Field,,
631543,2020-08-04,Colorado Rockies,San Francisco Giants,Coors Field,,
630109,2020-08-04,Arizona Diamondbacks,Houston Astros,Chase Field,,
631069,2020-08-04,San Diego Padres,Los Angeles Dodgers,Petco Park,,
631173,2020-08-04,Oakland Athletics,Texas Rangers,Oakland Coliseum,,
631057,2020-08-04,Seattle Mariners,Los Angeles Angels,T-Mobile Park,,
631472,2020-08-04,Detroit Tigers,St. Louis Cardinals,Comerica Park,,
631318,2020-08-04,Miami Marlins,Philadelphia Phillies,Marlins Park,,
631220,2020-08-05,New York Yankees,Philadelphia Phillies,Citizens Bank Park,,
631127,2020-08-05,Philadelphia Phillies,New York Yankees,Citizens Bank Park,,
630591,2020-08-05,Baltimore Orioles,Miami Marlins,Oriole Park at Camden Yards,,
631339,2020-08-05,Miami Marlins,Baltimore Orioles,Oriole Park at Camden Yards,,
630878,2020-08-05,Washington Nationals,New York Mets,Nationals Park,,
630972,2020-08-05,Tampa Bay Rays,Boston Red Sox,Tropicana Field,,
631140,2020-08-05,Pittsburgh Pirates,Minnesota Twins,PNC Park,,
631570,2020-08-05,Cleveland Indians,Cincinnati Reds,Progressive Field,,
630307,2020-08-05,Atlanta Braves,Toronto Blue Jays,Truist Park,,
631417,2020-08-05,Kansas City Royals,Chicago Cubs,Kauffman Stadium,,
631518,2020-08-05,Chicago White Sox,Milwaukee Brewers,Guaranteed Rate Field,,
631544,2020-08-05,Colorado Rockies,San Francisco Giants,Coors Field,,
630110,2020-08-05,Arizona Diamondbacks,Houston Astros,Chase Field,,
631085,2020-08-05,San Diego Padres,Los Angeles Dodgers,Petco Park,,
631174,2020-08-05,Oakland Athletics,Texas Rangers,Oakland Coliseum,,
631043,2020-08-05,Seattle Mariners,Los Angeles Angels,T-Mobile Park,,
631471,2020-08-05,Detroit Tigers,St. Louis Cardinals,Comerica Park,,
630994,2020-08-05,St. Louis Cardinals,Detroit Tigers,Comerica Park,,
631320,2020-08-05,Miami Marlins,Philadelphia Phillies,Marlins Park,,
630497,2020-08-05,Baltimore Orioles,New York Yankees,Oriole Park at Camden Yards,,
631148,2020-08-06,Pittsburgh Pirates,Minnesota Twins,PNC Park,,
631545,2020-08-06,Colorado Rockies,San Francisco Giants,Coors Field,,
631175,2020-08-06,Oakland Athletics,Texas Rangers,Oakland Coliseum,,
631042,2020-08-06,Seattle Mariners,Los Angeles Angels,T-Mobile Park,,
631129,2020-08-06,Philadelphia Phillies,New York Yankees,Citizens Bank Park,,
631571,2020-08-06,Cleveland Indians,Cincinnati Reds,Progressive Field,,
630111,2020-08-06,Arizona Diamondbacks,Houston Astros,Chase Field,,
631425,2020-08-06,Kansas City Royals,Chicago Cubs,Kauffman Stadium,,
630313,2020-08-06,Atlanta Braves,Toronto Blue Jays,Truist Park,,
631340,2020-08-06,Miami Marlins,Baltimore Orioles,Oriole Park at Camden Yards,,
631513,2020-08-06,Chicago White Sox,Milwaukee Brewers,Guaranteed Rate Field,,
630995,2020-08-06,St. Louis Cardinals,Detroit Tigers,Comerica Park,,
631321,2020-08-06,Miami Marlins,Philadelphia Phillies,Marlins Park,,
630879,2020-08-07,Washington Nationals,Baltimore Orioles,Nationals Park,,
630974,2020-08-07,Tampa Bay Rays,New York Yankees,Tropicana Field,,
631105,2020-08-07,Pittsburgh Pirates,Detroit Tigers,PNC Park,,
631237,2020-08-07,New York Mets,Miami Marlins,Citi Field,,
631623,2020-08-07,Boston Red Sox,Toronto Blue Jays,Fenway Park,,
631419,2020-08-07,Kansas City Royals,Minnesota Twins,Kauffman Stadium,,
631504,2020-08-07,Chicago White Sox,Cleveland Indians,Guaranteed Rate Field,,
631295,2020-08-07,Milwaukee Brewers,Cincinnati Reds,Miller Park,,
630920,2020-08-07,Texas Rangers,Los Angeles Angels,Globe Life Field,,
631176,2020-08-07,Oakland Athletics,Houston Astros,Oakland Coliseum,,
631073,2020-08-07,San Diego Padres,Arizona Diamondbacks,Petco Park,,
631045,2020-08-07,Seattle Mariners,Colorado Rockies,T-Mobile Park,,
631358,2020-08-07,Los Angeles Dodgers,San Francisco Giants,Dodger Stadium,,
631131,2020-08-07,Philadelphia Phillies,Atlanta Braves,Citizens Bank Park,,
630996,2020-08-07,St. Louis Cardinals,Chicago Cubs,Busch Stadium,,
631503,2020-08-08,Chicago White Sox,Cleveland Indians,Guaranteed Rate Field,,
630962,2020-08-08,Tampa Bay Rays,New York Yankees,Tropicana Field,,
630973,2020-08-08,Tampa Bay Rays,New York Yankees,Tropicana Field,,
631106,2020-08-08,Pittsburgh Pirates,Detroit Tigers,PNC Park,,
631177,2020-08-08,Oakland Athletics,Houston Astros,Oakland Coliseum,,
630880,2020-08-08,Washington Nationals,Baltimore Orioles,Nationals Park,,
631133,2020-08-08,Philadelphia Phillies,Atlanta Braves,Citizens Bank Park,,
630935,2020-08-08,Texas Rangers,Los Angeles Angels,Globe Life Field,,
631420,2020-08-08,Kansas City Royals,Minnesota Twins,Kauffman Stadium,,
631236,2020-08-08,New York Mets,Miami Marlins,Citi Field,,
631296,2020-08-08,Milwaukee Brewers,Cincinnati Reds,Miller Park,,
631658,2020-08-08,Boston Red Sox,Toronto Blue Jays,Fenway Park,,
631074,2020-08-08,San Diego Padres,Arizona Diamondbacks,Petco Park,,
631046,2020-08-08,Seattle Mariners,Colorado Rockies,T-Mobile Park,,
631343,2020-08-08,Los Angeles Dodgers,San Francisco Giants,Dodger Stadium,,
630997,2020-08-08,St. Louis Cardinals,Chicago Cubs,Busch Stadium,,
630882,2020-08-09,Washington Nationals,Baltimore Orioles,Nationals Park,,
631136,2020-08-09,Philadelphia Phillies,Atlanta Braves,Citizens Bank Park,,
631131,2020-08-09,Philadelphia Phillies,Atlanta Braves,Citizens Bank Park,,
631235,2020-08-09,New York Mets,Miami Marlins,Citi Field,,
630946,2020-08-09,Tampa Bay Rays,New York Yankees,Tropicana Field,,
631110,2020-08-09,Pittsburgh Pirates,Detroit Tigers,PNC Park,,
631630,2020-08-09,Boston Red Sox,Toronto Blue Jays,Fenway Park,,
631421,2020-08-09,Kansas City Royals,Minnesota Twins,Kauffman Stadium,,
631297,2020-08-09,Milwaukee Brewers,Cincinnati Reds,Miller Park,,
630922,2020-08-09,Texas Rangers,Los Angeles Angels,Globe Life Field,,
631178,2020-08-09,Oakland Athletics,Houston Astros,Oakland Coliseum,,
631075,2020-08-09,San Diego Padres,Arizona Diamondbacks,Petco Park,,
631047,2020-08-09,Seattle Mariners,Colorado Rockies,T-Mobile Park,,
631373,2020-08-09,Los Angeles Dodgers,San Francisco Giants,Dodger Stadium,,
631506,2020-08-09,Chicago White Sox,Cleveland Indians,Guaranteed Rate Field,,
630998,2020-08-09,St. Louis Cardinals,Chicago Cubs,Busch Stadium,,
631138,2020-08-10,Philadelphia Phillies,Atlanta Braves,Citizens Bank Park,,
631233,2020-08-10,New York Mets,Washington Nationals,Citi Field,,
631473,2020-08-10,Detroit Tigers,Chicago White Sox,Comerica Park,,
631631,2020-08-10,Boston Red Sox,Tampa Bay Rays,Fenway Park,,
631298,2020-08-10,Milwaukee Brewers,Minnesota Twins,Miller Park,,
631546,2020-08-10,Colorado Rockies,Arizona Diamondbacks,Coors Field,,
630923,2020-08-10,Texas Rangers,Seattle Mariners,Globe Life Field,,
631445,2020-08-10,Houston Astros,San Francisco Giants,Minute Maid Park,,
631395,2020-08-10,Los Angeles Angels,Oakland Athletics,Angel Stadium,,
631346,2020-08-10,Los Angeles Dodgers,San Diego Padres,Dodger Stadium,,
630999,2020-08-10,St. Louis Cardinals,Pittsburgh Pirates,Busch Stadium,,
630901,2020-08-11,Toronto Blue Jays,Miami Marlins,Sahlen Field,,
631598,2020-08-11,Cincinnati Reds,Kansas City Royals,Great American Ball Park,,
631139,2020-08-11,Philadelphia Phillies,Baltimore Orioles,Citizens Bank Park,,
631192,2020-08-11,New York Yankees,Atlanta Braves,Yankee Stadium,,
631572,2020-08-11,Cleveland Indians,Chicago Cubs,Progressive Field,,
631243,2020-08-11,New York Mets,Washington Nationals,Citi Field,,
631474,2020-08-11,Detroit Tigers,Chicago White Sox,Comerica Park,,
631646,2020-08-11,Boston Red Sox,Tampa Bay Rays,Fenway Park,,
631299,2020-08-11,Milwaukee Brewers,Minnesota Twins,Miller Park,,
631547,2020-08-11,Colorado Rockies,Arizona Diamondbacks,Coors Field,,
630924,2020-08-11,Texas Rangers,Seattle Mariners,Globe Life Field,,
631446,2020-08-11,Houston Astros,San Francisco Giants,Minute Maid Park,,
631396,2020-08-11,Los Angeles Angels,Oakland Athletics,Angel Stadium,,
631347,2020-08-11,Los Angeles Dodgers,San Diego Padres,Dodger Stadium,,
631000,2020-08-11,St. Louis Cardinals,Pittsburgh Pirates,Busch Stadium,,
631475,2020-08-12,Detroit Tigers,Chicago White Sox,Comerica Park,,
631535,2020-08-12,Colorado Rockies,Arizona Diamondbacks,Coors Field,,
631397,2020-08-12,Los Angeles Angels,Oakland Athletics,Angel Stadium,,
631568,2020-08-12,Cleveland Indians,Chicago Cubs,Progressive Field,,
630902,2020-08-12,Toronto Blue Jays,Miami Marlins,Sahlen Field,,
631599,2020-08-12,Cincinnati Reds,Kansas City Royals,Great American Ball Park,,
631141,2020-08-12,Philadelphia Phillies,Baltimore Orioles,Citizens Bank Park,,
631208,2020-08-12,New York Yankees,Atlanta Braves,Yankee Stadium,,
631232,2020-08-12,New York Mets,Washington Nationals,Citi Field,,
631447,2020-08-12,Houston Astros,San Francisco Giants,Minute Maid Park,,
631300,2020-08-12,Milwaukee Brewers,Minnesota Twins,Miller Park,,
631648,2020-08-12,Boston Red Sox,Tampa Bay Rays,Fenway Park,,
630926,2020-08-12,Texas Rangers,Seattle Mariners,Globe Life Field,,
631350,2020-08-12,Los Angeles Dodgers,San Diego Padres,Dodger Stadium,,
630987,2020-08-12,St. Louis Cardinals,Pittsburgh Pirates,Busch Stadium,,
631231,2020-08-13,New York Mets,Washington Nationals,Citi Field,,
631142,2020-08-13,Philadelphia Phillies,Baltimore Orioles,Citizens Bank Park,,
631650,2020-08-13,Boston Red Sox,Tampa Bay Rays,Fenway Park,,
631600,2020-08-13,Cincinnati Reds,Pittsburgh Pirates,Great American Ball Park,,
631609,2020-08-13,Chicago Cubs,Milwaukee Brewers,Wrigley Field,,
631351,2020-08-13,Los Angeles Dodgers,San Diego Padres,Dodger Stadium,,
631472,2020-08-13,Detroit Tigers,St. Louis Cardinals,Comerica Park,,
631471,2020-08-13,Detroit Tigers,St. Louis Cardinals,Comerica Park,,
630882,2020-08-14,Washington Nationals,Baltimore Orioles,Oriole Park at Camden Yards,,
630903,2020-08-14,Toronto Blue Jays,Tampa Bay Rays,Sahlen Field,,
631683,2020-08-14,Baltimore Orioles,Washington Nationals,Oriole Park at Camden Yards,,
631150,2020-08-14,Philadelphia Phillies,New York Mets,Citizens Bank Park,,
631196,2020-08-14,New York Yankees,Boston Red Sox,Yankee Stadium,,
631476,2020-08-14,Detroit Tigers,Cleveland Indians,Comerica Park,,
631601,2020-08-14,Cincinnati Reds,Pittsburgh Pirates,Great American Ball Park,,
631322,2020-08-14,Miami Marlins,Atlanta Braves,Marlins Park,,
631610,2020-08-14,Chicago Cubs,Milwaukee Brewers,Wrigley Field,,
631516,2020-08-14,Colorado Rockies,Texas Rangers,Coors Field,,
631448,2020-08-14,Houston Astros,Seattle Mariners,Minute Maid Park,,
631381,2020-08-14,Los Angeles Angels,Los Angeles Dodgers,Angel Stadium,,
630115,2020-08-14,Arizona Diamondbacks,San Diego Padres,Chase Field,,
631022,2020-08-14,San Francisco Giants,Oakland Athletics,Oracle Park,,
631279,2020-08-14,Minnesota Twins,Kansas City Royals,Target Field,,
631507,2020-08-14,Chicago White Sox,St. Louis Cardinals,Guaranteed Rate Field,,
631508,2020-08-15,Chicago White Sox,St. Louis Cardinals,Guaranteed Rate Field,,
631507,2020-08-15,Chicago White Sox,St. Louis Cardinals,Guaranteed Rate Field,,
631280,2020-08-15,Minnesota Twins,Kansas City Royals,Target Field,,
631279,2020-08-15,Minnesota Twins,Kansas City Royals,Target Field,,
631611,2020-08-15,Chicago Cubs,Milwaukee Brewers,Wrigley Field,,
631151,2020-08-15,Philadelphia Phillies,New York Mets,Citizens Bank Park,,
631477,2020-08-15,Detroit Tigers,Cleveland Indians,Comerica Park,,
631330,2020-08-15,Miami Marlins,Atlanta Braves,Marlins Park,,
630905,2020-08-15,Toronto Blue Jays,Tampa Bay Rays,Sahlen Field,,
631023,2020-08-15,San Francisco Giants,Oakland Athletics,Oracle Park,,
631197,2020-08-15,New York Yankees,Boston Red Sox,Yankee Stadium,,
631449,2020-08-15,Houston Astros,Seattle Mariners,Minute Maid Park,,
630568,2020-08-15,Baltimore Orioles,Washington Nationals,Oriole Park at Camden Yards,,
630116,2020-08-15,Arizona Diamondbacks,San Diego Padres,Chase Field,,
631533,2020-08-15,Colorado Rockies,Texas Rangers,Coors Field,,
631363,2020-08-15,Los Angeles Angels,Los Angeles Dodgers,Angel Stadium,,
631602,2020-08-15,Cincinnati Reds,Pittsburgh Pirates,Great American Ball Park,,
631679,2020-08-16,Baltimore Orioles,Washington Nationals,Oriole Park at Camden Yards,,
631124,2020-08-16,Philadelphia Phillies,New York Mets,Citizens Bank Park,,
630905,2020-08-16,Toronto Blue Jays,Tampa Bay Rays,Sahlen Field,,
631479,2020-08-16,Detroit Tigers,Cleveland Indians,Comerica Park,,
631324,2020-08-16,Miami Marlins,Atlanta Braves,Marlins Park,,
630872,2020-08-16,Toronto Blue Jays,Tampa Bay Rays,Sahlen Field,,
631450,2020-08-16,Houston Astros,Seattle Mariners,Minute Maid Park,,
631252,2020-08-16,Minnesota Twins,Kansas City Royals,Target Field,,
631491,2020-08-16,Chicago White Sox,St. Louis Cardinals,Guaranteed Rate Field,,
631612,2020-08-16,Chicago Cubs,Milwaukee Brewers,Wrigley Field,,
631521,2020-08-16,Colorado Rockies,Texas Rangers,Coors Field,,
631024,2020-08-16,San Francisco Giants,Oakland Athletics,Oracle Park,,
631364,2020-08-16,Los Angeles Angels,Los Angeles Dodgers,Angel Stadium,,
630117,2020-08-16,Arizona Diamondbacks,San Diego Padres,Chase Field,,
631198,2020-08-16,New York Yankees,Boston Red Sox,Yankee Stadium,,
631590,2020-08-16,Cincinnati Reds,Pittsburgh Pirates,Great American Ball Park,,
631613,2020-08-17,Chicago Cubs,St. Louis Cardinals,Wrigley Field,,
630996,2020-08-17,St. Louis Cardinals,Chicago Cubs,Wrigley Field,,
631199,2020-08-17,New York Yankees,Boston Red Sox,Yankee Stadium,,
630316,2020-08-17,Atlanta Braves,Washington Nationals,Truist Park,,
631325,2020-08-17,Miami Marlins,New York Mets,Marlins Park,,
631678,2020-08-17,Baltimore Orioles,Toronto Blue Jays,Oriole Park at Camden Yards,,
631258,2020-08-17,Minnesota Twins,Kansas City Royals,Target Field,,
631493,2020-08-17,Chicago White Sox,Detroit Tigers,Guaranteed Rate Field,,
630927,2020-08-17,Texas Rangers,San Diego Padres,Globe Life Field,,
631451,2020-08-17,Houston Astros,Colorado Rockies,Minute Maid Park,,
630118,2020-08-17,Arizona Diamondbacks,Oakland Athletics,Chase Field,,
631352,2020-08-17,Los Angeles Dodgers,Seattle Mariners,Dodger Stadium,,
631365,2020-08-17,Los Angeles Angels,San Francisco Giants,Angel Stadium,,
631452,2020-08-18,Houston Astros,Colorado Rockies,Minute Maid Park,,
630928,2020-08-18,Texas Rangers,San Diego Padres,Globe Life Field,,
631366,2020-08-18,Los Angeles Angels,San Francisco Giants,Angel Stadium,,
630174,2020-08-18,Arizona Diamondbacks,Oakland Athletics,Chase Field,,
631114,2020-08-18,Pittsburgh Pirates,Cleveland Indians,PNC Park,,
631200,2020-08-18,New York Yankees,Tampa Bay Rays,Yankee Stadium,,
631353,2020-08-18,Los Angeles Dodgers,Seattle Mariners,Dodger Stadium,,
630322,2020-08-18,Atlanta Braves,Washington Nationals,Truist Park,,
631326,2020-08-18,Miami Marlins,New York Mets,Marlins Park,,
631651,2020-08-18,Boston Red Sox,Philadelphia Phillies,Fenway Park,,
631681,2020-08-18,Baltimore Orioles,Toronto Blue Jays,Oriole Park at Camden Yards,,
631496,2020-08-18,Chicago White Sox,Detroit Tigers,Guaranteed Rate Field,,
631260,2020-08-18,Minnesota Twins,Milwaukee Brewers,Target Field,,
631620,2020-08-18,Chicago Cubs,St. Louis Cardinals,Wrigley Field,,
631422,2020-08-18,Kansas City Royals,Cincinnati Reds,Kauffman Stadium,,
631682,2020-08-19,Baltimore Orioles,Toronto Blue Jays,Oriole Park at Camden Yards,,
631652,2020-08-19,Boston Red Sox,Philadelphia Phillies,Fenway Park,,
631621,2020-08-19,Chicago Cubs,St. Louis Cardinals,Wrigley Field,,
630997,2020-08-19,St. Louis Cardinals,Chicago Cubs,Wrigley Field,,
631418,2020-08-19,Kansas City Royals,Cincinnati Reds,Kauffman Stadium,,
631422,2020-08-19,Kansas City Royals,Cincinnati Reds,Kauffman Stadium,,
631120,2020-08-19,Pittsburgh Pirates,Cleveland Indians,PNC Park,,
631201,2020-08-19,New York Yankees,Tampa Bay Rays,Yankee Stadium,,
631327,2020-08-19,Miami Marlins,New York Mets,Marlins Park,,
631497,2020-08-19,Chicago White Sox,Detroit Tigers,Guaranteed Rate Field,,
631249,2020-08-19,Minnesota Twins,Milwaukee Brewers,Target Field,,
631522,2020-08-19,Colorado Rockies,Houston Astros,Coors Field,,
631076,2020-08-19,San Diego Padres,Texas Rangers,Petco Park,,
631179,2020-08-19,Oakland Athletics,Arizona Diamondbacks,Oakland Coliseum,,
631048,2020-08-19,Seattle Mariners,Los Angeles Dodgers,T-Mobile Park,,
631025,2020-08-19,San Francisco Giants,Los Angeles Angels,Oracle Park,,
630323,2020-08-19,Atlanta Braves,Washington Nationals,Truist Park,,
631202,2020-08-20,New York Yankees,Tampa Bay Rays,Yankee Stadium,,
630919,2020-08-20,Toronto Blue Jays,Philadelphia Phillies,Sahlen Field,,
630918,2020-08-20,Toronto Blue Jays,Philadelphia Phillies,Sahlen Field,,
631498,2020-08-20,Chicago White Sox,Detroit Tigers,Guaranteed Rate Field,,
631523,2020-08-20,Colorado Rockies,Houston Astros,Coors Field,,
631118,2020-08-20,Pittsburgh Pirates,Cleveland Indians,PNC Park,,
631049,2020-08-20,Seattle Mariners,Los Angeles Dodgers,T-Mobile Park,,
631248,2020-08-20,Minnesota Twins,Milwaukee Brewers,Target Field,,
631684,2020-08-20,Baltimore Orioles,Boston Red Sox,Oriole Park at Camden Yards,,
631077,2020-08-20,San Diego Padres,Texas Rangers,Petco Park,,
630986,2020-08-20,St. Louis Cardinals,Cincinnati Reds,Busch Stadium,,
631180,2020-08-20,Oakland Athletics,Arizona Diamondbacks,Oakland Coliseum,,
631026,2020-08-20,San Francisco Giants,Los Angeles Angels,Oracle Park,,
631323,2020-08-20,Miami Marlins,New York Mets,Marlins Park,,
630886,2020-08-21,Washington Nationals,Miami Marlins,Nationals Park,,
630960,2020-08-21,Tampa Bay Rays,Toronto Blue Jays,Tropicana Field,,
631103,2020-08-21,Pittsburgh Pirates,Milwaukee Brewers,PNC Park,,
631548,2020-08-21,Cleveland Indians,Detroit Tigers,Progressive Field,,
630324,2020-08-21,Atlanta Braves,Philadelphia Phillies,Truist Park,,
631665,2020-08-21,Baltimore Orioles,Boston Red Sox,Oriole Park at Camden Yards,,
631409,2020-08-21,Kansas City Royals,Minnesota Twins,Kauffman Stadium,,
630990,2020-08-21,St. Louis Cardinals,Cincinnati Reds,Busch Stadium,,
631633,2020-08-21,Chicago Cubs,Chicago White Sox,Wrigley Field,,
631078,2020-08-21,San Diego Padres,Houston Astros,Petco Park,,
631050,2020-08-21,Seattle Mariners,Texas Rangers,T-Mobile Park,,
631348,2020-08-21,Los Angeles Dodgers,Colorado Rockies,Dodger Stadium,,
631186,2020-08-21,Oakland Athletics,Los Angeles Angels,Oakland Coliseum,,
631027,2020-08-21,San Francisco Giants,Arizona Diamondbacks,Oracle Park,,
631230,2020-08-21,New York Mets,New York Yankees,Citi Field,,
630890,2020-08-22,Washington Nationals,Miami Marlins,Nationals Park,,
631341,2020-08-22,Miami Marlins,Washington Nationals,Nationals Park,,
631104,2020-08-22,Pittsburgh Pirates,Milwaukee Brewers,PNC Park,,
631154,2020-08-22,Oakland Athletics,Los Angeles Angels,Oakland Coliseum,,
630948,2020-08-22,Tampa Bay Rays,Toronto Blue Jays,Tropicana Field,,
631403,2020-08-22,Kansas City Royals,Minnesota Twins,Kauffman Stadium,,
631564,2020-08-22,Cleveland Indians,Detroit Tigers,Progressive Field,,
630338,2020-08-22,Atlanta Braves,Philadelphia Phillies,Truist Park,,
631667,2020-08-22,Baltimore Orioles,Boston Red Sox,Oriole Park at Camden Yards,,
630991,2020-08-22,St. Louis Cardinals,Cincinnati Reds,Busch Stadium,,
631638,2020-08-22,Chicago Cubs,Chicago White Sox,Wrigley Field,,
631349,2020-08-22,Los Angeles Dodgers,Colorado Rockies,Dodger Stadium,,
631079,2020-08-22,San Diego Padres,Houston Astros,Petco Park,,
631051,2020-08-22,Seattle Mariners,Texas Rangers,T-Mobile Park,,
631028,2020-08-22,San Francisco Giants,Arizona Diamondbacks,Oracle Park,,
631229,2020-08-22,New York Mets,New York Yankees,Citi Field,,
630897,2020-08-23,Washington Nationals,Miami Marlins,Nationals Park,,
631670,2020-08-23,Baltimore Orioles,Boston Red Sox,Oriole Park at Camden Yards,,
631551,2020-08-23,Cleveland Indians,Detroit Tigers,Progressive Field,,
630949,2020-08-23,Tampa Bay Rays,Toronto Blue Jays,Tropicana Field,,
631107,2020-08-23,Pittsburgh Pirates,Milwaukee Brewers,PNC Park,,
631412,2020-08-23,Kansas City Royals,Minnesota Twins,Kauffman Stadium,,
630976,2020-08-23,St. Louis Cardinals,Cincinnati Reds,Busch Stadium,,
631639,2020-08-23,Chicago Cubs,Chicago White Sox,Wrigley Field,,
631354,2020-08-23,Los Angeles Dodgers,Colorado Rockies,Dodger Stadium,,
631170,2020-08-23,Oakland Athletics,Los Angeles Angels,Oakland Coliseum,,
631080,2020-08-23,San Diego Padres,Houston Astros,Petco Park,,
631029,2020-08-23,San Francisco Giants,Arizona Diamondbacks,Oracle Park,,
631052,2020-08-23,Seattle Mariners,Texas Rangers,T-Mobile Park,,
630273,2020-08-23,Atlanta Braves,Philadelphia Phillies,Truist Park,,
631234,2020-08-23,New York Mets,New York Yankees,Citi Field,,
630950,2020-08-24,Tampa Bay Rays,Toronto Blue Jays,Tropicana Field,,
630898,2020-08-24,Washington Nationals,Miami Marlins,Nationals Park,,
631468,2020-08-24,Detroit Tigers,Chicago Cubs,Comerica Park,,
631552,2020-08-24,Cleveland Indians,Minnesota Twins,Progressive Field,,
630929,2020-08-24,Texas Rangers,Oakland Athletics,Globe Life Field,,
631301,2020-08-24,Milwaukee Brewers,Cincinnati Reds,Miller Park,,
630977,2020-08-24,St. Louis Cardinals,Kansas City Royals,Busch Stadium,,
631439,2020-08-24,Houston Astros,Los Angeles Angels,Minute Maid Park,,
630193,2020-08-24,Arizona Diamondbacks,Colorado Rockies,Chase Field,,
631423,2020-08-25,Houston Astros,Los Angeles Angels,Minute Maid Park,,
631426,2020-08-25,Houston Astros,Los Angeles Angels,Minute Maid Park,,
631227,2020-08-25,New York Mets,Miami Marlins,Citi Field,,
631323,2020-08-25,Miami Marlins,New York Mets,Citi Field,,
630855,2020-08-25,Washington Nationals,Philadelphia Phillies,Nationals Park,,
630862,2020-08-25,Toronto Blue Jays,Boston Red Sox,Sahlen Field,,
630951,2020-08-25,Tampa Bay Rays,Baltimore Orioles,Tropicana Field,,
631467,2020-08-25,Detroit Tigers,Chicago Cubs,Comerica Park,,
631553,2020-08-25,Cleveland Indians,Minnesota Twins,Progressive Field,,
630930,2020-08-25,Texas Rangers,Oakland Athletics,Globe Life Field,,
631499,2020-08-25,Chicago White Sox,Pittsburgh Pirates,Guaranteed Rate Field,,
631302,2020-08-25,Milwaukee Brewers,Cincinnati Reds,Miller Park,,
630978,2020-08-25,St. Louis Cardinals,Kansas City Royals,Busch Stadium,,
631081,2020-08-25,San Diego Padres,Seattle Mariners,Petco Park,,
630194,2020-08-25,Arizona Diamondbacks,Colorado Rockies,Chase Field,,
631015,2020-08-25,San Francisco Giants,Los Angeles Dodgers,Oracle Park,,
630360,2020-08-25,Atlanta Braves,New York Yankees,Truist Park,,
631500,2020-08-26,Chicago White Sox,Pittsburgh Pirates,Guaranteed Rate Field,,
630361,2020-08-26,Atlanta Braves,New York Yankees,Truist Park,,
630360,2020-08-26,Atlanta Braves,New York Yankees,Truist Park,,
630853,2020-08-26,Washington Nationals,Philadelphia Phillies,Nationals Park,,
630863,2020-08-26,Toronto Blue Jays,Boston Red Sox,Sahlen Field,,
630952,2020-08-26,Tampa Bay Rays,Baltimore Orioles,Tropicana Field,,
631455,2020-08-26,Detroit Tigers,Chicago Cubs,Comerica Park,,
631554,2020-08-26,Cleveland Indians,Minnesota Twins,Progressive Field,,
631226,2020-08-26,New York Mets,Miami Marlins,Citi Field,,
630931,2020-08-26,Texas Rangers,Oakland Athletics,Globe Life Field,,
630979,2020-08-26,St. Louis Cardinals,Kansas City Royals,Busch Stadium,,
630099,2020-08-26,Arizona Diamondbacks,Colorado Rockies,Chase Field,,
631440,2020-08-26,Houston Astros,Los Angeles Angels,Minute Maid Park,,
631303,2020-08-26,Milwaukee Brewers,Cincinnati Reds,Miller Park,,
631082,2020-08-26,San Diego Padres,Seattle Mariners,Petco Park,,
631001,2020-08-26,San Francisco Giants,Los Angeles Dodgers,Oracle Park,,
631083,2020-08-27,San Diego Padres,Seattle Mariners,Petco Park,,
631082,2020-08-27,San Diego Padres,Seattle Mariners,Petco Park,,
630999,2020-08-27,St. Louis Cardinals,Pittsburgh Pirates,Busch Stadium,,
631000,2020-08-27,St. Louis Cardinals,Pittsburgh Pirates,Busch Stadium,,
631017,2020-08-27,San Francisco Giants,Los Angeles Dodgers,Oracle Park,,
631001,2020-08-27,San Francisco Giants,Los Angeles Dodgers,Oracle Park,,
631290,2020-08-27,Milwaukee Brewers,Cincinnati Reds,Miller Park,,
631303,2020-08-27,Milwaukee Brewers,Cincinnati Reds,Miller Park,,
630203,2020-08-27,Arizona Diamondbacks,Colorado Rockies,Chase Field,,
630932,2020-08-27,Texas Rangers,Oakland Athletics,Globe Life Field,,
630865,2020-08-27,Toronto Blue Jays,Boston Red Sox,Sahlen Field,,
630896,2020-08-27,Washington Nationals,Philadelphia Phillies,Nationals Park,,
630953,2020-08-27,Tampa Bay Rays,Baltimore Orioles,Tropicana Field,,
631456,2020-08-27,Detroit Tigers,Minnesota Twins,Comerica Park,,
631223,2020-08-27,New York Mets,Miami Marlins,Citi Field,,
631203,2020-08-28,New York Yankees,New York Mets,Yankee Stadium,,
631230,2020-08-28,New York Mets,New York Yankees,Yankee Stadium,,
630871,2020-08-28,Toronto Blue Jays,Baltimore Orioles,Sahlen Field,,
631125,2020-08-28,Philadelphia Phillies,Atlanta Braves,Citizens Bank Park,,
631582,2020-08-28,Cincinnati Reds,Chicago Cubs,Great American Ball Park,,
631501,2020-08-28,Chicago White Sox,Kansas City Royals,Guaranteed Rate Field,,
631304,2020-08-28,Miami Marlins,Tampa Bay Rays,Marlins Park,,
631653,2020-08-28,Boston Red Sox,Washington Nationals,Fenway Park,,
630933,2020-08-28,Texas Rangers,Los Angeles Dodgers,Globe Life Field,,
631291,2020-08-28,Milwaukee Brewers,Pittsburgh Pirates,Miller Park,,
630980,2020-08-28,St. Louis Cardinals,Cleveland Indians,Busch Stadium,,
631524,2020-08-28,Colorado Rockies,San Diego Padres,Coors Field,,
631394,2020-08-28,Los Angeles Angels,Seattle Mariners,Angel Stadium,,
630216,2020-08-28,Arizona Diamondbacks,San Francisco Giants,Chase Field,,
631457,2020-08-28,Detroit Tigers,Minnesota Twins,Comerica Park,,
631456,2020-08-28,Detroit Tigers,Minnesota Twins,Comerica Park,,
631427,2020-08-28,Houston Astros,Oakland Athletics,Minute Maid Park,,
631204,2020-08-29,New York Yankees,New York Mets,Yankee Stadium,,
631458,2020-08-29,Detroit Tigers,Minnesota Twins,Comerica Park,,
631457,2020-08-29,Detroit Tigers,Minnesota Twins,Comerica Park,,
630981,2020-08-29,St. Louis Cardinals,Cleveland Indians,Busch Stadium,,
631134,2020-08-29,Philadelphia Phillies,Atlanta Braves,Citizens Bank Park,,
631502,2020-08-29,Chicago White Sox,Kansas City Royals,Guaranteed Rate Field,,
631581,2020-08-29,Cincinnati Reds,Chicago Cubs,Great American Ball Park,,
631595,2020-08-29,Cincinnati Reds,Chicago Cubs,Great American Ball Park,,
631428,2020-08-29,Houston Astros,Oakland Athletics,Minute Maid Park,,
631427,2020-08-29,Houston Astros,Oakland Athletics,Minute Maid Park,,
631319,2020-08-29,Miami Marlins,Tampa Bay Rays,Marlins Park,,
630906,2020-08-29,Toronto Blue Jays,Baltimore Orioles,Sahlen Field,,
630934,2020-08-29,Texas Rangers,Los Angeles Dodgers,Globe Life Field,,
631277,2020-08-29,Milwaukee Brewers,Pittsburgh Pirates,Miller Park,,
631654,2020-08-29,Boston Red Sox,Washington Nationals,Fenway Park,,
631525,2020-08-29,Colorado Rockies,San Diego Padres,Coors Field,,
630217,2020-08-29,Arizona Diamondbacks,San Francisco Giants,Chase Field,,
631369,2020-08-29,Los Angeles Angels,Seattle Mariners,Angel Stadium,,
631205,2020-08-30,New York Yankees,New York Mets,Yankee Stadium,,
631229,2020-08-30,New York Mets,New York Yankees,Yankee Stadium,,
631584,2020-08-30,Cincinnati Reds,Chicago Cubs,Great American Ball Park,,
631459,2020-08-30,Detroit Tigers,Minnesota Twins,Comerica Park,,
631306,2020-08-30,Miami Marlins,Tampa Bay Rays,Marlins Park,,
631655,2020-08-30,Boston Red Sox,Washington Nationals,Fenway Park,,
631505,2020-08-30,Chicago White Sox,Kansas City Royals,Guaranteed Rate Field,,
631278,2020-08-30,Milwaukee Brewers,Pittsburgh Pirates,Miller Park,,
630982,2020-08-30,St. Louis Cardinals,Cleveland Indians,Busch Stadium,,
630921,2020-08-30,Texas Rangers,Los Angeles Dodgers,Globe Life Field,,
630852,2020-08-30,Toronto Blue Jays,Baltimore Orioles,Sahlen Field,,
631526,2020-08-30,Colorado Rockies,San Diego Padres,Coors Field,,
631371,2020-08-30,Los Angeles Angels,Seattle Mariners,Angel Stadium,,
630219,2020-08-30,Arizona Diamondbacks,San Francisco Giants,Chase Field,,
631135,2020-08-30,Philadelphia Phillies,Atlanta Braves,Citizens Bank Park,,
631429,2020-08-30,Houston Astros,Oakland Athletics,Minute Maid Park,,
631223,2020-08-31,New York Mets,Miami Marlins,Citi Field,,
630900,2020-08-31,Toronto Blue Jays,Baltimore Orioles,Sahlen Field,,
631374,2020-08-31,Los Angeles Angels,Seattle Mariners,Angel Stadium,,
631585,2020-08-31,Cincinnati Reds,St. Louis Cardinals,Great American Ball Park,,
631143,2020-08-31,Philadelphia Phillies,Washington Nationals,Citizens Bank Park,,
631206,2020-08-31,New York Yankees,Tampa Bay Rays,Yankee Stadium,,
631656,2020-08-31,Boston Red Sox,Atlanta Braves,Fenway Park,,
631281,2020-08-31,Milwaukee Brewers,Pittsburgh Pirates,Miller Park,,
631414,2020-08-31,Kansas City Royals,Cleveland Indians,Kauffman Stadium,,
631247,2020-08-31,Minnesota Twins,Chicago White Sox,Target Field,,
631527,2020-08-31,Colorado Rockies,San Diego Padres,Coors Field,,
631586,2020-09-01,Cincinnati Reds,St. Louis Cardinals,Great American Ball Park,,
631307,2020-09-01,Miami Marlins,Toronto Blue Jays,Marlins Park,,
631109,2020-09-01,Pittsburgh Pirates,Chicago Cubs,PNC Park,,
631153,2020-09-01,Philadelphia Phillies,Washington Nationals,Citizens Bank Park,,
631207,2020-09-01,New York Yankees,Tampa Bay Rays,Yankee Stadium,,
631657,2020-09-01,Boston Red Sox,Atlanta Braves,Fenway Park,,
631671,2020-09-01,Baltimore Orioles,New York Mets,Oriole Park at Camden Yards,,
631287,2020-09-01,Milwaukee Brewers,Detroit Tigers,Miller Park,,
631416,2020-09-01,Kansas City Royals,Cleveland Indians,Kauffman Stadium,,
631430,2020-09-01,Houston Astros,Texas Rangers,Minute Maid Park,,
631261,2020-09-01,Minnesota Twins,Chicago White Sox,Target Field,,
631528,2020-09-01,Colorado Rockies,San Francisco Giants,Coors Field,,
631355,2020-09-01,Los Angeles Dodgers,Arizona Diamondbacks,Dodger Stadium,,
631053,2020-09-01,Seattle Mariners,Oakland Athletics,T-Mobile Park,,
631529,2020-09-02,Colorado Rockies,San Francisco Giants,Coors Field,,
631673,2020-09-02,Baltimore Orioles,New York Mets,Oriole Park at Camden Yards,,
631587,2020-09-02,Cincinnati Reds,St. Louis Cardinals,Great American Ball Park,,
631308,2020-09-02,Miami Marlins,Toronto Blue Jays,Marlins Park,,
631111,2020-09-02,Pittsburgh Pirates,Chicago Cubs,PNC Park,,
631145,2020-09-02,Philadelphia Phillies,Washington Nationals,Citizens Bank Park,,
631194,2020-09-02,New York Yankees,Tampa Bay Rays,Yankee Stadium,,
631624,2020-09-02,Boston Red Sox,Atlanta Braves,Fenway Park,,
631283,2020-09-02,Milwaukee Brewers,Detroit Tigers,Miller Park,,
631404,2020-09-02,Kansas City Royals,Cleveland Indians,Kauffman Stadium,,
631431,2020-09-02,Houston Astros,Texas Rangers,Minute Maid Park,,
631253,2020-09-02,Minnesota Twins,Chicago White Sox,Target Field,,
631356,2020-09-02,Los Angeles Dodgers,Arizona Diamondbacks,Dodger Stadium,,
631379,2020-09-02,Los Angeles Angels,San Diego Padres,Angel Stadium,,
631054,2020-09-02,Seattle Mariners,Oakland Athletics,T-Mobile Park,,
631112,2020-09-03,Pittsburgh Pirates,Chicago Cubs,PNC Park,,
631432,2020-09-03,Houston Astros,Texas Rangers,Minute Maid Park,,
631146,2020-09-03,Philadelphia Phillies,Washington Nationals,Citizens Bank Park,,
631234,2020-09-03,New York Mets,New York Yankees,Citi Field,,
631368,2020-09-03,Los Angeles Angels,San Diego Padres,Angel Stadium,,
631614,2020-09-03,Boston Red Sox,Toronto Blue Jays,Fenway Park,,
631405,2020-09-03,Kansas City Royals,Chicago White Sox,Kauffman Stadium,,
631370,2020-09-03,Los Angeles Dodgers,Arizona Diamondbacks,Dodger Stadium,,
631055,2020-09-03,Seattle Mariners,Oakland Athletics,T-Mobile Park,,
631262,2020-09-04,Minnesota Twins,Detroit Tigers,Target Field,,
631456,2020-09-04,Detroit Tigers,Minnesota Twins,Target Field,,
631113,2020-09-04,Pittsburgh Pirates,Cincinnati Reds,PNC Park,,
631602,2020-09-04,Cincinnati Reds,Pittsburgh Pirates,PNC Park,,
631649,2020-09-04,Boston Red Sox,Toronto Blue Jays,Fenway Park,,
630865,2020-09-04,Toronto Blue Jays,Boston Red Sox,Fenway Park,,
630371,2020-09-04,Atlanta Braves,Washington Nationals,Truist Park,,
630323,2020-09-04,Atlanta Braves,Washington Nationals,Truist Park,,
631674,2020-09-04,Baltimore Orioles,New York Yankees,Oriole Park at Camden Yards,,
630497,2020-09-04,Baltimore Orioles,New York Yankees,Oriole Park at Camden Yards,,
630954,2020-09-04,Tampa Bay Rays,Miami Marlins,Tropicana Field,,
631221,2020-09-04,New York Mets,Philadelphia Phillies,Citi Field,,
631555,2020-09-04,Cleveland Indians,Milwaukee Brewers,Progressive Field,,
631406,2020-09-04,Kansas City Royals,Chicago White Sox,Kauffman Stadium,,
631644,2020-09-04,Chicago Cubs,St. Louis Cardinals,Wrigley Field,,
631357,2020-09-04,Los Angeles Angels,Houston Astros,Angel Stadium,,
631041,2020-09-04,Seattle Mariners,Texas Rangers,T-Mobile Park,,
631345,2020-09-04,Los Angeles Dodgers,Colorado Rockies,Dodger Stadium,,
631156,2020-09-04,Oakland Athletics,San Diego Padres,Oakland Coliseum,,
631003,2020-09-04,San Francisco Giants,Arizona Diamondbacks,Oracle Park,,
631157,2020-09-05,Oakland Athletics,San Diego Padres,Oakland Coliseum,,
631607,2020-09-05,Chicago Cubs,St. Louis Cardinals,Wrigley Field,,
630998,2020-09-05,St. Louis Cardinals,Chicago Cubs,Wrigley Field,,
630955,2020-09-05,Tampa Bay Rays,Miami Marlins,Tropicana Field,,
631115,2020-09-05,Pittsburgh Pirates,Cincinnati Reds,PNC Park,,
631408,2020-09-05,Kansas City Royals,Chicago White Sox,Kauffman Stadium,,
631388,2020-09-05,Los Angeles Angels,Houston Astros,Angel Stadium,,
631440,2020-09-05,Houston Astros,Los Angeles Angels,Angel Stadium,,
631264,2020-09-05,Minnesota Twins,Detroit Tigers,Target Field,,
631228,2020-09-05,New York Mets,Philadelphia Phillies,Citi Field,,
630383,2020-09-05,Atlanta Braves,Washington Nationals,Truist Park,,
631556,2020-09-05,Cleveland Indians,Milwaukee Brewers,Progressive Field,,
631625,2020-09-05,Boston Red Sox,Toronto Blue Jays,Fenway Park,,
631675,2020-09-05,Baltimore Orioles,New York Yankees,Oriole Park at Camden Yards,,
631328,2020-09-05,Los Angeles Dodgers,Colorado Rockies,Dodger Stadium,,
631044,2020-09-05,Seattle Mariners,Texas Rangers,T-Mobile Park,,
631004,2020-09-05,San Francisco Giants,Arizona Diamondbacks,Oracle Park,,
631676,2020-09-06,Baltimore Orioles,New York Yankees,Oriole Park at Camden Yards,,
631209,2020-09-06,New York Mets,Philadelphia Phillies,Citi Field,,
630491,2020-09-06,Atlanta Braves,Washington Nationals,Truist Park,,
630956,2020-09-06,Tampa Bay Rays,Miami Marlins,Tropicana Field,,
631557,2020-09-06,Cleveland Indians,Milwaukee Brewers,Progressive Field,,
631116,2020-09-06,Pittsburgh Pirates,Cincinnati Reds,PNC Park,,
631626,2020-09-06,Boston Red Sox,Toronto Blue Jays,Fenway Park,,
631407,2020-09-06,Kansas City Royals,Chicago White Sox,Kauffman Stadium,,
631254,2020-09-06,Minnesota Twins,Detroit Tigers,Target Field,,
631005,2020-09-06,San Francisco Giants,Arizona Diamondbacks,Oracle Park,,
631359,2020-09-06,Los Angeles Angels,Houston Astros,Angel Stadium,,
631158,2020-09-06,Oakland Athletics,San Diego Padres,Oakland Coliseum,,
631030,2020-09-06,Seattle Mariners,Texas Rangers,T-Mobile Park,,
631604,2020-09-06,Chicago Cubs,St. Louis Cardinals,Wrigley Field,,
631344,2020-09-06,Los Angeles Dodgers,Colorado Rockies,Dodger Stadium,,
631225,2020-09-07,New York Mets,Philadelphia Phillies,Citi Field,,
630415,2020-09-07,Atlanta Braves,Miami Marlins,Truist Park,,
631255,2020-09-07,Minnesota Twins,Detroit Tigers,Target Field,,
631605,2020-09-07,Chicago Cubs,St. Louis Cardinals,Wrigley Field,,
631031,2020-09-07,Seattle Mariners,Texas Rangers,T-Mobile Park,,
630857,2020-09-07,Washington Nationals,Tampa Bay Rays,Nationals Park,,
631558,2020-09-07,Cleveland Indians,Kansas City Royals,Progressive Field,,
630859,2020-09-07,Toronto Blue Jays,New York Yankees,Sahlen Field,,
631006,2020-09-07,San Francisco Giants,Arizona Diamondbacks,Oracle Park,,
631159,2020-09-07,Oakland Athletics,Houston Astros,Oakland Coliseum,,
631084,2020-09-07,San Diego Padres,Colorado Rockies,Petco Park,,
630983,2020-09-08,St. Louis Cardinals,Minnesota Twins,Busch Stadium,,
630984,2020-09-08,St. Louis Cardinals,Minnesota Twins,Busch Stadium,,
631149,2020-09-08,Philadelphia Phillies,Boston Red Sox,Citizens Bank Park,,
631152,2020-09-08,Philadelphia Phillies,Boston Red Sox,Citizens Bank Park,,
630867,2020-09-08,Washington Nationals,Tampa Bay Rays,Nationals Park,,
631559,2020-09-08,Cleveland Indians,Kansas City Royals,Progressive Field,,
631429,2020-09-08,Houston Astros,Oakland Athletics,Oakland Coliseum,,
631160,2020-09-08,Oakland Athletics,Houston Astros,Oakland Coliseum,,
630860,2020-09-08,Toronto Blue Jays,New York Yankees,Sahlen Field,,
631096,2020-09-08,Pittsburgh Pirates,Chicago White Sox,PNC Park,,
631211,2020-09-08,New York Mets,Baltimore Orioles,Citi Field,,
630438,2020-09-08,Atlanta Braves,Miami Marlins,Truist Park,,
631460,2020-09-08,Detroit Tigers,Milwaukee Brewers,Comerica Park,,
630904,2020-09-08,Texas Rangers,Los Angeles Angels,Globe Life Field,,
631615,2020-09-08,Chicago Cubs,Cincinnati Reds,Wrigley Field,,
631071,2020-09-08,San Diego Padres,Colorado Rockies,Petco Park,,
630220,2020-09-08,Arizona Diamondbacks,Los Angeles Dodgers,Chase Field,,
631007,2020-09-08,San Francisco Giants,Seattle Mariners,Oracle Park,,
631461,2020-09-09,Detroit Tigers,Milwaukee Brewers,Comerica Park,,
631560,2020-09-09,Cleveland Indians,Kansas City Royals,Progressive Field,,
630864,2020-09-09,Toronto Blue Jays,New York Yankees,Sahlen Field,,
631100,2020-09-09,Pittsburgh Pirates,Chicago White Sox,PNC Park,,
631212,2020-09-09,New York Mets,Baltimore Orioles,Citi Field,,
630439,2020-09-09,Atlanta Braves,Miami Marlins,Truist Park,,
630925,2020-09-09,Texas Rangers,Los Angeles Angels,Globe Life Field,,
631056,2020-09-09,San Diego Padres,Colorado Rockies,Petco Park,,
631616,2020-09-09,Chicago Cubs,Cincinnati Reds,Wrigley Field,,
631161,2020-09-09,Oakland Athletics,Houston Astros,Oakland Coliseum,,
630221,2020-09-09,Arizona Diamondbacks,Los Angeles Dodgers,Chase Field,,
631008,2020-09-09,San Francisco Giants,Seattle Mariners,Oracle Park,,
630994,2020-09-10,St. Louis Cardinals,Detroit Tigers,Busch Stadium,,
630995,2020-09-10,St. Louis Cardinals,Detroit Tigers,Busch Stadium,,
631162,2020-09-10,Oakland Athletics,Houston Astros,Oakland Coliseum,,
630908,2020-09-10,Texas Rangers,Los Angeles Angels,Globe Life Field,,
630869,2020-09-10,Washington Nationals,Atlanta Braves,Nationals Park,,
631561,2020-09-10,Cleveland Indians,Kansas City Royals,Progressive Field,,
630957,2020-09-10,Tampa Bay Rays,Boston Red Sox,Tropicana Field,,
631309,2020-09-10,Miami Marlins,Philadelphia Phillies,Marlins Park,,
631634,2020-09-10,Chicago Cubs,Cincinnati Reds,Wrigley Field,,
631072,2020-09-10,San Diego Padres,San Francisco Giants,Petco Park,,
630223,2020-09-10,Arizona Diamondbacks,Los Angeles Dodgers,Chase Field,,
631183,2020-09-10,New York Yankees,Baltimore Orioles,Yankee Stadium,,
631184,2020-09-11,New York Yankees,Baltimore Orioles,Yankee Stadium,,
631183,2020-09-11,New York Yankees,Baltimore Orioles,Yankee Stadium,,
631310,2020-09-11,Miami Marlins,Philadelphia Phillies,Marlins Park,,
631318,2020-09-11,Miami Marlins,Philadelphia Phillies,Marlins Park,,
630873,2020-09-11,Washington Nationals,Atlanta Braves,Nationals Park,,
630868,2020-09-11,Toronto Blue Jays,New York Mets,Sahlen Field,,
630958,2020-09-11,Tampa Bay Rays,Boston Red Sox,Tropicana Field,,
631399,2020-09-11,Kansas City Royals,Pittsburgh Pirates,Kauffman Stadium,,
630909,2020-09-11,Texas Rangers,Oakland Athletics,Globe Life Field,,
631256,2020-09-11,Minnesota Twins,Cleveland Indians,Target Field,,
631478,2020-09-11,Chicago White Sox,Detroit Tigers,Guaranteed Rate Field,,
631284,2020-09-11,Milwaukee Brewers,Chicago Cubs,Miller Park,,
630985,2020-09-11,St. Louis Cardinals,Cincinnati Reds,Busch Stadium,,
631530,2020-09-11,Colorado Rockies,Los Angeles Angels,Coors Field,,
630224,2020-09-11,Arizona Diamondbacks,Seattle Mariners,Chase Field,,
631058,2020-09-11,San Diego Padres,San Francisco Giants,Petco Park,,
631185,2020-09-12,New York Yankees,Baltimore Orioles,Yankee Stadium,,
630910,2020-09-12,Texas Rangers,Oakland Athletics,Globe Life Field,,
630932,2020-09-12,Texas Rangers,Oakland Athletics,Globe Life Field,,
630877,2020-09-12,Washington Nationals,Atlanta Braves,Nationals Park,,
631311,2020-09-12,Miami Marlins,Philadelphia Phillies,Marlins Park,,
630870,2020-09-12,Toronto Blue Jays,New York Mets,Sahlen Field,,
630959,2020-09-12,Tampa Bay Rays,Boston Red Sox,Tropicana Field,,
631400,2020-09-12,Kansas City Royals,Pittsburgh Pirates,Kauffman Stadium,,
631495,2020-09-12,Chicago White Sox,Detroit Tigers,Guaranteed Rate Field,,
631285,2020-09-12,Milwaukee Brewers,Chicago Cubs,Miller Park,,
631331,2020-09-12,Los Angeles Dodgers,Houston Astros,Dodger Stadium,,
631257,2020-09-12,Minnesota Twins,Cleveland Indians,Target Field,,
631531,2020-09-12,Colorado Rockies,Los Angeles Angels,Coors Field,,
630225,2020-09-12,Arizona Diamondbacks,Seattle Mariners,Chase Field,,
630988,2020-09-12,St. Louis Cardinals,Cincinnati Reds,Busch Stadium,,
631059,2020-09-12,San Diego Padres,San Francisco Giants,Petco Park,,
630883,2020-09-13,Washington Nationals,Atlanta Braves,Nationals Park,,
631187,2020-09-13,New York Yankees,Baltimore Orioles,Yankee Stadium,,
630947,2020-09-13,Tampa Bay Rays,Boston Red Sox,Tropicana Field,,
631312,2020-09-13,Miami Marlins,Philadelphia Phillies,Marlins Park,,
631320,2020-09-13,Miami Marlins,Philadelphia Phillies,Marlins Park,,
631401,2020-09-13,Kansas City Royals,Pittsburgh Pirates,Kauffman Stadium,,
631259,2020-09-13,Minnesota Twins,Cleveland Indians,Target Field,,
631481,2020-09-13,Chicago White Sox,Detroit Tigers,Guaranteed Rate Field,,
631286,2020-09-13,Milwaukee Brewers,Chicago Cubs,Miller Park,,
630961,2020-09-13,St. Louis Cardinals,Cincinnati Reds,Busch Stadium,,
630911,2020-09-13,Texas Rangers,Oakland Athletics,Globe Life Field,,
630875,2020-09-13,Toronto Blue Jays,New York Mets,Sahlen Field,,
631532,2020-09-13,Colorado Rockies,Los Angeles Angels,Coors Field,,
630226,2020-09-13,Arizona Diamondbacks,Seattle Mariners,Chase Field,,
631060,2020-09-13,San Diego Padres,San Francisco Giants,Petco Park,,
631058,2020-09-13,San Diego Padres,San Francisco Giants,Petco Park,,
631332,2020-09-13,Los Angeles Dodgers,Houston Astros,Dodger Stadium,,
631588,2020-09-14,Cincinnati Reds,Pittsburgh Pirates,Great American Ball Park,,
631590,2020-09-14,Cincinnati Reds,Pittsburgh Pirates,Great American Ball Park,,
631321,2020-09-14,Miami Marlins,Philadelphia Phillies,Marlins Park,,
631053,2020-09-14,Seattle Mariners,Oakland Athletics,T-Mobile Park,,
631054,2020-09-14,Seattle Mariners,Oakland Athletics,T-Mobile Park,,
631282,2020-09-14,Milwaukee Brewers,St. Louis Cardinals,Miller Park,,
631288,2020-09-14,Milwaukee Brewers,St. Louis Cardinals,Miller Park,,
631677,2020-09-14,Baltimore Orioles,Atlanta Braves,Oriole Park at Camden Yards,,
631482,2020-09-14,Chicago White Sox,Minnesota Twins,Guaranteed Rate Field,,
631061,2020-09-14,San Diego Padres,Los Angeles Dodgers,Petco Park,,
631574,2020-09-15,Cincinnati Reds,Pittsburgh Pirates,Great American Ball Park,,
630936,2020-09-15,Tampa Bay Rays,Washington Nationals,Tropicana Field,,
631314,2020-09-15,Miami Marlins,Boston Red Sox,Marlins Park,,
631144,2020-09-15,Philadelphia Phillies,New York Mets,Citizens Bank Park,,
631195,2020-09-15,New York Yankees,Toronto Blue Jays,Yankee Stadium,,
631462,2020-09-15,Detroit Tigers,Kansas City Royals,Comerica Park,,
631680,2020-09-15,Baltimore Orioles,Atlanta Braves,Oriole Park at Camden Yards,,
631263,2020-09-15,Milwaukee Brewers,St. Louis Cardinals,Miller Park,,
631433,2020-09-15,Houston Astros,Texas Rangers,Minute Maid Park,,
631483,2020-09-15,Chicago White Sox,Minnesota Twins,Guaranteed Rate Field,,
631618,2020-09-15,Chicago Cubs,Cleveland Indians,Wrigley Field,,
631520,2020-09-15,Colorado Rockies,Oakland Athletics,Coors Field,,
631062,2020-09-15,San Diego Padres,Los Angeles Dodgers,Petco Park,,
631360,2020-09-15,Los Angeles Angels,Arizona Diamondbacks,Angel Stadium,,
631032,2020-09-15,Seattle Mariners,San Francisco Giants,T-Mobile Park,,
630937,2020-09-16,Tampa Bay Rays,Washington Nationals,Tropicana Field,,
631509,2020-09-16,Colorado Rockies,Oakland Athletics,Coors Field,,
631063,2020-09-16,San Diego Padres,Los Angeles Dodgers,Petco Park,,
631265,2020-09-16,Milwaukee Brewers,St. Louis Cardinals,Miller Park,,
631289,2020-09-16,Milwaukee Brewers,St. Louis Cardinals,Miller Park,,
631575,2020-09-16,Cincinnati Reds,Pittsburgh Pirates,Great American Ball Park,,
631315,2020-09-16,Miami Marlins,Boston Red Sox,Marlins Park,,
631119,2020-09-16,Philadelphia Phillies,New York Mets,Citizens Bank Park,,
631189,2020-09-16,New York Yankees,Toronto Blue Jays,Yankee Stadium,,
631463,2020-09-16,Detroit Tigers,Kansas City Royals,Comerica Park,,
631659,2020-09-16,Baltimore Orioles,Atlanta Braves,Oriole Park at Camden Yards,,
631434,2020-09-16,Houston Astros,Texas Rangers,Minute Maid Park,,
631484,2020-09-16,Chicago White Sox,Minnesota Twins,Guaranteed Rate Field,,
631619,2020-09-16,Chicago Cubs,Cleveland Indians,Wrigley Field,,
631361,2020-09-16,Los Angeles Angels,Arizona Diamondbacks,Angel Stadium,,
631032,2020-09-16,Seattle Mariners,San Francisco Giants,Oracle Park,,
631034,2020-09-16,Seattle Mariners,San Francisco Giants,T-Mobile Park,,
631313,2020-09-17,Miami Marlins,Boston Red Sox,Marlins Park,,
631485,2020-09-17,Chicago White Sox,Minnesota Twins,Guaranteed Rate Field,,
631362,2020-09-17,Los Angeles Angels,Arizona Diamondbacks,Angel Stadium,,
631034,2020-09-17,Seattle Mariners,San Francisco Giants,Oracle Park,,
631660,2020-09-17,Baltimore Orioles,Tampa Bay Rays,Oriole Park at Camden Yards,,
630953,2020-09-17,Tampa Bay Rays,Baltimore Orioles,Oriole Park at Camden Yards,,
631101,2020-09-17,Pittsburgh Pirates,St. Louis Cardinals,PNC Park,,
631117,2020-09-17,Philadelphia Phillies,New York Mets,Citizens Bank Park,,
631190,2020-09-17,New York Yankees,Toronto Blue Jays,Yankee Stadium,,
631464,2020-09-17,Detroit Tigers,Cleveland Indians,Comerica Park,,
631435,2020-09-17,Houston Astros,Texas Rangers,Minute Maid Park,,
631510,2020-09-17,Colorado Rockies,Los Angeles Dodgers,Coors Field,,
631102,2020-09-18,Pittsburgh Pirates,St. Louis Cardinals,PNC Park,,
630987,2020-09-18,St. Louis Cardinals,Pittsburgh Pirates,PNC Park,,
630907,2020-09-18,Toronto Blue Jays,Philadelphia Phillies,Citizens Bank Park,,
631122,2020-09-18,Philadelphia Phillies,Toronto Blue Jays,Citizens Bank Park,,
631316,2020-09-18,Miami Marlins,Washington Nationals,Marlins Park,,
631342,2020-09-18,Miami Marlins,Washington Nationals,Marlins Park,,
631465,2020-09-18,Detroit Tigers,Cleveland Indians,Comerica Park,,
631213,2020-09-18,New York Mets,Atlanta Braves,Citi Field,,
631576,2020-09-18,Cincinnati Reds,Chicago White Sox,Great American Ball Park,,
631627,2020-09-18,Boston Red Sox,New York Yankees,Fenway Park,,
631661,2020-09-18,Baltimore Orioles,Tampa Bay Rays,Oriole Park at Camden Yards,,
631436,2020-09-18,Houston Astros,Arizona Diamondbacks,Minute Maid Park,,
631511,2020-09-18,Colorado Rockies,Los Angeles Dodgers,Coors Field,,
631266,2020-09-18,Milwaukee Brewers,Kansas City Royals,Miller Park,,
631629,2020-09-18,Chicago Cubs,Minnesota Twins,Wrigley Field,,
631367,2020-09-18,Los Angeles Angels,Texas Rangers,Angel Stadium,,
631040,2020-09-18,Seattle Mariners,San Diego Padres,Petco Park,,
631163,2020-09-18,Oakland Athletics,San Francisco Giants,Oakland Coliseum,,
631164,2020-09-19,Oakland Athletics,San Francisco Giants,Oakland Coliseum,,
631123,2020-09-19,Philadelphia Phillies,Toronto Blue Jays,Citizens Bank Park,,
631466,2020-09-19,Detroit Tigers,Cleveland Indians,Comerica Park,,
631317,2020-09-19,Miami Marlins,Washington Nationals,Marlins Park,,
631147,2020-09-19,Pittsburgh Pirates,St. Louis Cardinals,PNC Park,,
631214,2020-09-19,New York Mets,Atlanta Braves,Citi Field,,
631577,2020-09-19,Cincinnati Reds,Chicago White Sox,Great American Ball Park,,
631437,2020-09-19,Houston Astros,Arizona Diamondbacks,Minute Maid Park,,
631267,2020-09-19,Milwaukee Brewers,Kansas City Royals,Miller Park,,
631628,2020-09-19,Boston Red Sox,New York Yankees,Fenway Park,,
631662,2020-09-19,Baltimore Orioles,Tampa Bay Rays,Oriole Park at Camden Yards,,
631512,2020-09-19,Colorado Rockies,Los Angeles Dodgers,Coors Field,,
631632,2020-09-19,Chicago Cubs,Minnesota Twins,Wrigley Field,,
631036,2020-09-19,Seattle Mariners,San Diego Padres,Petco Park,,
631372,2020-09-19,Los Angeles Angels,Texas Rangers,Angel Stadium,,
631672,2020-09-20,Baltimore Orioles,Tampa Bay Rays,Oriole Park at Camden Yards,,
631635,2020-09-20,Boston Red Sox,New York Yankees,Fenway Park,,
631454,2020-09-20,Detroit Tigers,Cleveland Indians,Comerica Park,,
631215,2020-09-20,New York Mets,Atlanta Braves,Citi Field,,
631578,2020-09-20,Cincinnati Reds,Chicago White Sox,Great American Ball Park,,
631305,2020-09-20,Miami Marlins,Washington Nationals,Marlins Park,,
631329,2020-09-20,Miami Marlins,Washington Nationals,Marlins Park,,
631424,2020-09-20,Houston Astros,Arizona Diamondbacks,Minute Maid Park,,
631268,2020-09-20,Milwaukee Brewers,Kansas City Royals,Miller Park,,
631128,2020-09-20,Philadelphia Phillies,Toronto Blue Jays,Citizens Bank Park,,
631519,2020-09-20,Colorado Rockies,Los Angeles Dodgers,Coors Field,,
631086,2020-09-20,Pittsburgh Pirates,St. Louis Cardinals,PNC Park,,
631037,2020-09-20,Seattle Mariners,San Diego Padres,Petco Park,,
631166,2020-09-20,Oakland Athletics,San Francisco Giants,Oakland Coliseum,,
631375,2020-09-20,Los Angeles Angels,Texas Rangers,Angel Stadium,,
631617,2020-09-20,Chicago Cubs,Minnesota Twins,Wrigley Field,,
631376,2020-09-21,Los Angeles Angels,Texas Rangers,Angel Stadium,,
630884,2020-09-21,Washington Nationals,Philadelphia Phillies,Nationals Park,,
631562,2020-09-21,Cleveland Indians,Chicago White Sox,Progressive Field,,
630876,2020-09-21,Toronto Blue Jays,New York Yankees,Sahlen Field,,
631579,2020-09-21,Cincinnati Reds,Milwaukee Brewers,Great American Ball Park,,
631087,2020-09-21,Pittsburgh Pirates,Chicago Cubs,PNC Park,,
631216,2020-09-21,New York Mets,Tampa Bay Rays,Citi Field,,
630440,2020-09-21,Atlanta Braves,Miami Marlins,Truist Park,,
631402,2020-09-21,Kansas City Royals,St. Louis Cardinals,Kauffman Stadium,,
631038,2020-09-21,Seattle Mariners,Houston Astros,T-Mobile Park,,
631009,2020-09-21,San Francisco Giants,Colorado Rockies,Oracle Park,,
630888,2020-09-22,Washington Nationals,Philadelphia Phillies,Nationals Park,,
630896,2020-09-22,Washington Nationals,Philadelphia Phillies,Nationals Park,,
631550,2020-09-22,Cleveland Indians,Chicago White Sox,Progressive Field,,
630881,2020-09-22,Toronto Blue Jays,New York Yankees,Sahlen Field,,
631580,2020-09-22,Cincinnati Reds,Milwaukee Brewers,Great American Ball Park,,
631088,2020-09-22,Pittsburgh Pirates,Chicago Cubs,PNC Park,,
631217,2020-09-22,New York Mets,Tampa Bay Rays,Citi Field,,
630385,2020-09-22,Atlanta Braves,Miami Marlins,Truist Park,,
631636,2020-09-22,Boston Red Sox,Baltimore Orioles,Fenway Park,,
631251,2020-09-22,Minnesota Twins,Detroit Tigers,Target Field,,
631411,2020-09-22,Kansas City Royals,St. Louis Cardinals,Kauffman Stadium,,
631064,2020-09-22,San Diego Padres,Los Angeles Angels,Petco Park,,
631039,2020-09-22,Seattle Mariners,Houston Astros,T-Mobile Park,,
630243,2020-09-22,Arizona Diamondbacks,Texas Rangers,Chase Field,,
631333,2020-09-22,Los Angeles Dodgers,Oakland Athletics,Dodger Stadium,,
631010,2020-09-22,San Francisco Giants,Colorado Rockies,Oracle Park,,
631065,2020-09-23,San Diego Padres,Los Angeles Angels,Petco Park,,
630892,2020-09-23,Washington Nationals,Philadelphia Phillies,Nationals Park,,
630263,2020-09-23,Arizona Diamondbacks,Texas Rangers,Chase Field,,
631534,2020-09-23,Cleveland Indians,Chicago White Sox,Progressive Field,,
630885,2020-09-23,Toronto Blue Jays,New York Yankees,Sahlen Field,,
631035,2020-09-23,Seattle Mariners,Houston Astros,T-Mobile Park,,
631583,2020-09-23,Cincinnati Reds,Milwaukee Brewers,Great American Ball Park,,
631089,2020-09-23,Pittsburgh Pirates,Chicago Cubs,PNC Park,,
631218,2020-09-23,New York Mets,Tampa Bay Rays,Citi Field,,
630554,2020-09-23,Atlanta Braves,Miami Marlins,Truist Park,,
631637,2020-09-23,Boston Red Sox,Baltimore Orioles,Fenway Park,,
631250,2020-09-23,Minnesota Twins,Detroit Tigers,Target Field,,
631380,2020-09-23,Kansas City Royals,St. Louis Cardinals,Kauffman Stadium,,
631334,2020-09-23,Los Angeles Dodgers,Oakland Athletics,Dodger Stadium,,
631011,2020-09-23,San Francisco Giants,Colorado Rockies,Oracle Park,,
631099,2020-09-24,Pittsburgh Pirates,Chicago Cubs,PNC Park,,
631012,2020-09-24,San Francisco Giants,Colorado Rockies,Oracle Park,,
630893,2020-09-24,Washington Nationals,New York Mets,Nationals Park,,
631549,2020-09-24,Cleveland Indians,Chicago White Sox,Progressive Field,,
630887,2020-09-24,Toronto Blue Jays,New York Yankees,Sahlen Field,,
631685,2020-09-24,Atlanta Braves,Miami Marlins,Truist Park,,
631640,2020-09-24,Boston Red Sox,Baltimore Orioles,Fenway Park,,
631398,2020-09-24,Kansas City Royals,Detroit Tigers,Kauffman Stadium,,
630912,2020-09-24,Texas Rangers,Houston Astros,Globe Life Field,,
630975,2020-09-24,St. Louis Cardinals,Milwaukee Brewers,Busch Stadium,,
631335,2020-09-24,Los Angeles Dodgers,Oakland Athletics,Dodger Stadium,,
630963,2020-09-25,St. Louis Cardinals,Milwaukee Brewers,Busch Stadium,,
631292,2020-09-25,Milwaukee Brewers,St. Louis Cardinals,Busch Stadium,,
630889,2020-09-25,Toronto Blue Jays,Baltimore Orioles,Sahlen Field,,
630270,2020-09-25,Arizona Diamondbacks,Colorado Rockies,Chase Field,,
630203,2020-09-25,Arizona Diamondbacks,Colorado Rockies,Chase Field,,
630938,2020-09-25,Tampa Bay Rays,Philadelphia Phillies,Tropicana Field,,
631191,2020-09-25,New York Yankees,Miami Marlins,Yankee Stadium,,
631536,2020-09-25,Cleveland Indians,Pittsburgh Pirates,Progressive Field,,
631013,2020-09-25,San Francisco Giants,San Diego Padres,Oracle Park,,
631059,2020-09-25,San Diego Padres,San Francisco Giants,Oracle Park,,
630569,2020-09-25,Atlanta Braves,Boston Red Sox,Truist Park,,
631383,2020-09-25,Kansas City Royals,Detroit Tigers,Kauffman Stadium,,
630913,2020-09-25,Texas Rangers,Houston Astros,Globe Life Field,,
631246,2020-09-25,Minnesota Twins,Cincinnati Reds,Target Field,,
631486,2020-09-25,Chicago White Sox,Chicago Cubs,Guaranteed Rate Field,,
631336,2020-09-25,Los Angeles Dodgers,Los Angeles Angels,Dodger Stadium,,
631167,2020-09-25,Oakland Athletics,Seattle Mariners,Oakland Coliseum,,
630894,2020-09-25,Washington Nationals,New York Mets,Nationals Park,,
631193,2020-09-26,New York Yankees,Miami Marlins,Yankee Stadium,,
630895,2020-09-26,Washington Nationals,New York Mets,Nationals Park,,
630894,2020-09-26,Washington Nationals,New York Mets,Nationals Park,,
631169,2020-09-26,Oakland Athletics,Seattle Mariners,Oakland Coliseum,,
631055,2020-09-26,Seattle Mariners,Oakland Athletics,Oakland Coliseum,,
630891,2020-09-26,Toronto Blue Jays,Baltimore Orioles,Sahlen Field,,
631385,2020-09-26,Kansas City Royals,Detroit Tigers,Kauffman Stadium,,
630914,2020-09-26,Texas Rangers,Houston Astros,Globe Life Field,,
630939,2020-09-26,Tampa Bay Rays,Philadelphia Phillies,Tropicana Field,,
630964,2020-09-26,St. Louis Cardinals,Milwaukee Brewers,Busch Stadium,,
631537,2020-09-26,Cleveland Indians,Pittsburgh Pirates,Progressive Field,,
631245,2020-09-26,Minnesota Twins,Cincinnati Reds,Target Field,,
630570,2020-09-26,Atlanta Braves,Boston Red Sox,Truist Park,,
631487,2020-09-26,Chicago White Sox,Chicago Cubs,Guaranteed Rate Field,,
630271,2020-09-26,Arizona Diamondbacks,Colorado Rockies,Chase Field,,
631337,2020-09-26,Los Angeles Dodgers,Los Angeles Angels,Dodger Stadium,,
631016,2020-09-26,San Francisco Giants,San Diego Padres,Oracle Park,,
631386,2020-09-27,Kansas City Royals,Detroit Tigers,Kauffman Stadium,,
630854,2020-09-27,Washington Nationals,New York Mets,Nationals Park,,
631002,2020-09-27,San Francisco Giants,San Diego Padres,Oracle Park,,
630915,2020-09-27,Texas Rangers,Houston Astros,Globe Life Field,,
631188,2020-09-27,New York Yankees,Miami Marlins,Yankee Stadium,,
630858,2020-09-27,Toronto Blue Jays,Baltimore Orioles,Sahlen Field,,
630202,2020-09-27,Arizona Diamondbacks,Colorado Rockies,Chase Field,,
631338,2020-09-27,Los Angeles Dodgers,Los Angeles Angels,Dodger Stadium,,
631538,2020-09-27,Cleveland Indians,Pittsburgh Pirates,Progressive Field,,
631155,2020-09-27,Oakland Athletics,Seattle Mariners,Oakland Coliseum,,
631244,2020-09-27,Minnesota Twins,Cincinnati Reds,Target Field,,
630945,2020-09-27,Tampa Bay Rays,Philadelphia Phillies,Tropicana Field,,
630573,2020-09-27,Atlanta Braves,Boston Red Sox,Truist Park,,
631488,2020-09-27,Chicago White Sox,Chicago Cubs,Guaranteed Rate Field,,
630965,2020-09-27,St. Louis Cardinals,Milwaukee Brewers,Busch Stadium,,
